coef,Est
B.b11,0.11533322461067366
B.b12,0.25991979167483903
B.b22,0.5836229829123126
B.b23,-0.24946360898527697
B.b33,-0.5121373902183234
C.c11,-0.4686988458290404
C.c22,0.16694598881737036
C.c13,-0.09864520764273865
C.c23,-0.27335505448559416
