SST,WeMOI,MLD,Nitrate.con.,Phosphate.con.,R.flow,Dem.trawlers,Pel.trawlers,Seiner
1,-0.16476672495585057,-0.6577781972404881,-0.2104447337895932,-0.35675943941428606,-0.2523554392129676,-0.48755613473498977,-0.5088157944114206,-0.27288269603301224
-0.16476672495585057,1,-0.2597351392956398,-0.18893132186198547,0.021466187177060902,0.6473477023957704,-0.013095651665573286,0.10510375327744641,0.21949328536924162
-0.6577781972404881,-0.2597351392956398,1,0.480471025585885,0.05316111261500218,-0.1199411965993591,0.4463083108184936,0.37947813365331395,0.12729931808313097
-0.2104447337895932,-0.18893132186198547,0.480471025585885,1,0.2590108059684499,-0.1649927417802599,0.5403547825593414,0.5984281345345892,0.05863696212014638
-0.35675943941428606,0.021466187177060902,0.05316111261500218,0.2590108059684499,1,0.007592996382383769,0.20796621137509638,0.4407817696556531,0.0881995776954494
-0.2523554392129676,0.6473477023957704,-0.1199411965993591,-0.1649927417802599,0.007592996382383769,1,-0.26408500401128165,-0.03370065223315222,0.2963155626047503
-0.48755613473498977,-0.013095651665573286,0.4463083108184936,0.5403547825593414,0.20796621137509638,-0.26408500401128165,1,0.8106920474776135,0.1929692335206221
-0.5088157944114206,0.10510375327744641,0.37947813365331395,0.5984281345345892,0.4407817696556531,-0.03370065223315222,0.8106920474776135,1,0.06313467802163232
-0.27288269603301224,0.21949328536924162,0.12729931808313097,0.05863696212014638,0.0881995776954494,0.2963155626047503,0.1929692335206221,0.06313467802163232,1
